id,name,email,address,phone_number
c5a40999-42de-4a85-83c5-4cf45700065d,Eileen Paul,dustinwilliams@example.org,"PSC 9272, Box 7184
APO AE 85969",620-762-0385x553
347063a8-c7be-4af4-b929-84cd542ca7be,Daniel Campbell,frank39@example.org,"0780 Davis Circle Suite 075
Margarettown, VA 99762",001-365-951-5987
eb26de72-4ace-4fbb-8741-4c23e9c36659,Lauren Martin,nwilson@example.org,"Unit 8859 Box 3957
DPO AE 07282",5799441248
a04dfab3-750a-4917-8c6f-356c8e305761,Carol Strickland DVM,johnjones@example.net,"4639 Hill Crossroad
East Timothy, VI 52441",302.347.1011x5493
a9a7f89c-6fbd-446d-a1bc-d036adf3357b,Kayla Chambers,staceytucker@example.org,"21199 Hardin Cliff
New Michael, SD 74754",978-841-1664
10b36653-5c2e-4687-8484-a63b38c30de3,Blake Avila,brianclark@example.org,"465 Moore Union Apt. 911
Hammondport, WI 46793",+1-459-238-7783
5c98172f-6e44-433d-bd70-20d711a27402,April Dawson,alexa67@example.org,"7599 Kelly Plain
East Debra, OK 99731",495-214-4255x1449
b50ae06c-89f6-40fc-9c29-adab79dec19f,David Williams,hcain@example.com,"35753 Fuller Junction Apt. 959
Port Tamara, NC 89673",(370)306-9747x988
efa1aa96-623e-456b-a3eb-bf7e209351fd,William Whitehead,joshuabarrett@example.com,"74529 Timothy Light
South Erin, NV 16290",(489)597-2078x285
d066ce57-8668-4b27-bb5a-0f0c868967fa,Stacy Reid,jimmy26@example.net,"0864 Debra Ranch
Lisaview, OK 12076",001-677-455-9736x0200
